Amala,f,m,stone@meekness.com,91-855-585-8230,13,600
Chaitanya,m,n,ca-tech@dps.centrin.net.id,91-855-508-6099,16,900
Adhinarayana,m,n,trinanda_lestyowati@telkomsel.co.id,755-570-2195,17,890
Bhavin,m,m,tubanrestaurant@yahoo.com,91-855-585-8230,16,780
Gagan,m,m,vicmgr@i-xplore.com,755-570-2195,19,675
Pallavi,f,n,tiena_asfary@yahoo.co.id,91-855-585-8230,15,600
Hansi,f,n,novi_enbe@yahoo.com,91-855-508-6099,18,400
Mamta,f,n,fitrianti@hotmail.com,755-570-2195,18,100
Alambha ,m,m,kontak.synergi@yahoo.com,91-855-585-8230,17,670
Hridyanshu,m,m,800produkwil@posindonesia.co.id,91-855-508-6099,17,678
Kannan,m,m,rini@ncsecurities.biz,755-570-2195,16,777
Dakshesh,m,n,hary@wibisono-family.com,91-855-585-8230,12,790
Balasingam,m,n,rido@weddingku.com,91-855-508-6099,13,900
Adyant,m,m,harisnira@yahoo.com,755-570-2195,14,800
Sashwat,m,m,meylina310@yahoo.com,91-855-585-8230,17,850
Ilam Parithi,m,m,oekaoeka@yahoo.com,91-945-557-5584,18,450
Kothandaraman,m,n,gus_war81@yahoo.com,91-855-585-1568,14,500
Pakalon,m,n,sales@houseofbali.com,91-855-529-9090,13,765
Pukazh ,m,n,muslim-pariwisata-bali@yahoogroups.com,855-514-2668,14,655
ChellaKani ,m,m,achatv@cbn.net.id,91-855-532-4228,15,544
Gaurish,m,n,daniel@balibless.com,855-514-2668,16,890
Koodal Alagar,m,m,singgih93@mailcity.com,91-755-543-2931,19,690
Padma,f,n,feby.adamsyah@idn.xerox.com,855-514-2668,18,490
Lingappan,m,n,dila_dewata@yahoo.co.id,91-855-585-8230,15,450
Venya,f,n,tiena_asfary@yahoo.co.id,755-570-2195,12,500
Muthu,m,n,gosyen2000@hotmail.com,91-855-505-4032,13,543
Nandini,f,n,manager@mibank.com,755-570-2195,18,542
Cheliyan,m,m,putra_wirata@hotmail.com,91-855-508-6099,17,420
Sachi,f,m,purwabali@yahoo.com,91-855-514-2668,12,430
Aagam,m,m,gkumala@indosat.net.id,91-855-533-6525,13,330
Nisha,f,n,gag@indo.net.id,91-855-528-7899,14,500
Palani ,m,m,vilarm@indo.net.id,755-570-2195,15,700
Madhur ,m,m,home_treasure@hotmail.com,91-755-505-6374,13,790
Thitiksha,f,m,pasadena@chek.com,91-855-543-9866,14,900
Durai Murugan,m,n,glf-bali@indo.net.id,91-855-595-6906,15,980
Anish,m,m,gemini19id@yahoo.com,855-514-2668,18,700
Salbu,m,n,pru@indo.net.id,91-855-516-3024,10,500
Deva,m,n,rudi_chandra@kartikaplaza.co.id,91-755-587-0926,14,400
, f, n, qwerty$, 33333333, 122
